isla,especie,promedio_largo_aleta,promedio_masa_corporal
Dream,Adelia,189.73214285714286,3688.3928571428573
Dream,Barbijo,195.8235294117647,3733.0882352941176
Torgersen,Adelia,191.19607843137254,3706.372549019608
